ec	action	reason
1.1.1	keep	crossed; max-cluster-frac 0.04
1.11.1	keep	crossed; max-cluster-frac 0.11
1.13.11	keep	crossed; max-cluster-frac 0.13
1.14.11	keep	crossed; max-cluster-frac 0.06
1.14.13	keep	crossed; max-cluster-frac 0.07
1.14.14	keep	crossed; max-cluster-frac 0.02
1.15.1	keep	crossed; max-cluster-frac 0.12
1.2.1	keep	crossed; max-cluster-frac 0.08
1.3.1	keep	crossed; max-cluster-frac 0.06
1.4.3	keep	crossed; max-cluster-frac 0.10
2.1.1	keep	crossed; max-cluster-frac 0.01
2.3.1	keep	crossed; max-cluster-frac 0.01
2.3.2	keep	crossed; max-cluster-frac 0.04
2.4.1	keep	crossed; max-cluster-frac 0.03
2.4.2	keep	crossed; max-cluster-frac 0.11
2.4.3	keep	crossed; max-cluster-frac 0.06
2.5.1	keep	crossed; max-cluster-frac 0.03
2.6.1	keep	crossed; max-cluster-frac 0.09
2.7.1	keep	crossed; max-cluster-frac 0.04
2.7.11	keep	crossed; max-cluster-frac 0.02
2.7.12	keep	crossed; max-cluster-frac 0.09
2.7.4	keep	crossed; max-cluster-frac 0.06
2.7.7	keep	crossed; max-cluster-frac 0.04
2.7.8	keep	crossed; max-cluster-frac 0.11
2.8.2	keep	crossed; max-cluster-frac 0.04
3.1.1	keep	crossed; max-cluster-frac 0.02
3.1.2	keep	crossed; max-cluster-frac 0.06
3.1.27	keep	crossed; max-cluster-frac 0.09
3.1.3	keep	crossed; max-cluster-frac 0.02
3.1.4	keep	crossed; max-cluster-frac 0.06
3.2.1	keep	crossed; max-cluster-frac 0.05
3.2.2	keep	crossed; max-cluster-frac 0.06
3.4.19	keep	crossed; max-cluster-frac 0.08
3.4.21	keep	crossed; max-cluster-frac 0.02
3.4.22	keep	crossed; max-cluster-frac 0.06
3.4.23	keep	crossed; max-cluster-frac 0.11
3.4.24	keep	crossed; max-cluster-frac 0.06
3.5.1	keep	crossed; max-cluster-frac 0.07
3.5.4	keep	crossed; max-cluster-frac 0.04
3.6.1	keep	crossed; max-cluster-frac 0.03
3.6.4	keep	crossed; max-cluster-frac 0.71
3.6.5	keep	crossed; max-cluster-frac 0.03
4.1.1	keep	crossed; max-cluster-frac 0.07
4.2.1	keep	crossed; max-cluster-frac 0.05
4.6.1	keep	crossed; max-cluster-frac 0.12
5.2.1	keep	crossed; max-cluster-frac 0.17
5.3.1	keep	crossed; max-cluster-frac 0.11
6.3.2	keep	crossed; max-cluster-frac 0.10
7.1.1	keep	crossed; max-cluster-frac 0.05
