pfam_family	action	reason
PF00001	keep	crossed; max-cluster-frac 0.03
PF00007	keep	crossed; max-cluster-frac 0.09
PF00010	keep	crossed; max-cluster-frac 0.04
PF00011	keep	crossed; max-cluster-frac 0.13
PF00012	keep	crossed; max-cluster-frac 0.11
PF00014	keep	crossed; max-cluster-frac 0.08
PF00017	keep	crossed; max-cluster-frac 0.10
PF00019	keep	crossed; max-cluster-frac 0.05
PF00021	keep	crossed; max-cluster-frac 0.05
PF00022	keep	crossed; max-cluster-frac 0.62
PF00025	keep	crossed; max-cluster-frac 0.14
PF00029	keep	crossed; max-cluster-frac 0.10
PF00030	keep	crossed; max-cluster-frac 0.07
PF00031	keep	crossed; max-cluster-frac 0.08
PF00033	keep	crossed; max-cluster-frac 0.22
PF00034	keep	crossed; max-cluster-frac 0.19
PF00038	keep	crossed; max-cluster-frac 0.04
PF00042	keep	crossed; max-cluster-frac 0.07
PF00046	keep	crossed; max-cluster-frac 0.02
PF00048	keep	crossed; max-cluster-frac 0.03
PF00049	keep	crossed; max-cluster-frac 0.06
PF00050	keep	crossed; max-cluster-frac 0.22
PF00059	keep	crossed; max-cluster-frac 0.03
PF00061	keep	crossed; max-cluster-frac 0.03
PF00062	keep	crossed; max-cluster-frac 0.11
PF00067	keep	crossed; max-cluster-frac 0.01
PF00069	keep	crossed; max-cluster-frac 0.02
PF00071	keep	crossed; max-cluster-frac 0.03
PF00074	keep	crossed; max-cluster-frac 0.05
PF00076	keep	crossed; max-cluster-frac 0.03
PF00079	keep	crossed; max-cluster-frac 0.02
PF00080	keep	crossed; max-cluster-frac 0.12
PF00083	keep	crossed; max-cluster-frac 0.04
PF00084	keep	crossed; max-cluster-frac 0.05
PF00085	keep	crossed; max-cluster-frac 0.15
PF00089	keep	crossed; max-cluster-frac 0.02
PF00095	keep	crossed; max-cluster-frac 0.26
PF00096	keep	crossed; max-cluster-frac 0.01
PF00102	keep	crossed; max-cluster-frac 0.07
PF00103	keep	crossed; max-cluster-frac 0.07
PF00106	keep	crossed; max-cluster-frac 0.06
PF00110	keep	crossed; max-cluster-frac 0.17
PF00115	keep	crossed; max-cluster-frac 0.32
PF00118	keep	crossed; max-cluster-frac 0.09
PF00119	keep	crossed; max-cluster-frac 0.09
PF00123	keep	crossed; max-cluster-frac 0.08
PF00125	keep	crossed; max-cluster-frac 0.32
PF00131	keep	crossed; max-cluster-frac 0.22
PF00135	keep	crossed; max-cluster-frac 0.04
PF00143	keep	crossed; max-cluster-frac 0.12
PF00146	keep	crossed; max-cluster-frac 0.09
PF00149	keep	crossed; max-cluster-frac 0.14
PF00153	keep	crossed; max-cluster-frac 0.04
PF00155	keep	crossed; max-cluster-frac 0.12
PF00159	keep	crossed; max-cluster-frac 0.08
PF00160	keep	crossed; max-cluster-frac 0.21
PF00167	keep	crossed; max-cluster-frac 0.08
PF00168	keep	crossed; max-cluster-frac 0.09
PF00169	keep	crossed; max-cluster-frac 0.04
PF00170	keep	crossed; max-cluster-frac 0.09
PF00171	keep	crossed; max-cluster-frac 0.08
PF00179	keep	crossed; max-cluster-frac 0.07
PF00188	keep	crossed; max-cluster-frac 0.07
PF00191	keep	crossed; max-cluster-frac 0.12
PF00194	keep	crossed; max-cluster-frac 0.07
PF00201	keep	crossed; max-cluster-frac 0.05
PF00209	keep	crossed; max-cluster-frac 0.05
PF00210	keep	crossed; max-cluster-frac 0.24
PF00212	keep	crossed; max-cluster-frac 0.06
PF00214	keep	crossed; max-cluster-frac 0.07
PF00225	keep	crossed; max-cluster-frac 0.06
PF00226	keep	crossed; max-cluster-frac 0.07
PF00227	keep	crossed; max-cluster-frac 0.10
PF00229	keep	crossed; max-cluster-frac 0.08
PF00230	keep	crossed; max-cluster-frac 0.10
PF00236	keep	crossed; max-cluster-frac 0.35
PF00240	keep	crossed; max-cluster-frac 0.09
PF00241	keep	crossed; max-cluster-frac 0.11
PF00243	keep	crossed; max-cluster-frac 0.24
PF00244	keep	crossed; max-cluster-frac 0.15
PF00248	keep	crossed; max-cluster-frac 0.08
PF00250	keep	crossed; max-cluster-frac 0.05
PF00255	keep	crossed; max-cluster-frac 0.15
PF00260	keep	crossed; max-cluster-frac 0.24
PF00261	keep	crossed; max-cluster-frac 0.17
PF00287	keep	crossed; max-cluster-frac 0.22
PF00293	keep	crossed; max-cluster-frac 0.08
PF00335	keep	crossed; max-cluster-frac 0.04
PF00337	keep	crossed; max-cluster-frac 0.05
PF00361	keep	crossed; max-cluster-frac 0.52
PF00379	keep	crossed; max-cluster-frac 0.06
PF00400	keep	crossed; max-cluster-frac 0.02
PF00412	keep	crossed; max-cluster-frac 0.06
PF00420	keep	crossed; max-cluster-frac 0.16
PF00443	keep	crossed; max-cluster-frac 0.18
PF00446	keep	crossed; max-cluster-frac 0.11
PF00474	keep	crossed; max-cluster-frac 0.07
PF00481	keep	crossed; max-cluster-frac 0.09
PF00499	keep	crossed; max-cluster-frac 0.09
PF00503	keep	crossed; max-cluster-frac 0.09
PF00505	keep	crossed; max-cluster-frac 0.10
PF00507	keep	crossed; max-cluster-frac 0.07
PF00510	keep	crossed; max-cluster-frac 0.43
PF00514	keep	crossed; max-cluster-frac 0.10
PF00538	keep	crossed; max-cluster-frac 0.05
PF00561	keep	crossed; max-cluster-frac 0.06
PF00566	keep	crossed; max-cluster-frac 0.18
PF00583	keep	crossed; max-cluster-frac 0.07
PF00595	keep	crossed; max-cluster-frac 0.07
PF00615	keep	crossed; max-cluster-frac 0.10
PF00685	keep	crossed; max-cluster-frac 0.05
PF00702	keep	crossed; max-cluster-frac 0.09
PF00704	keep	crossed; max-cluster-frac 0.10
PF00711	keep	crossed; max-cluster-frac 0.15
PF00735	keep	crossed; max-cluster-frac 0.11
PF00777	keep	crossed; max-cluster-frac 0.06
PF00782	keep	crossed; max-cluster-frac 0.06
PF00822	keep	crossed; max-cluster-frac 0.05
PF00858	keep	crossed; max-cluster-frac 0.04
PF00895	keep	crossed; max-cluster-frac 0.05
PF00907	keep	crossed; max-cluster-frac 0.06
PF00909	keep	crossed; max-cluster-frac 0.12
PF00956	keep	crossed; max-cluster-frac 0.13
PF01015	keep	crossed; max-cluster-frac 0.36
PF01023	keep	crossed; max-cluster-frac 0.10
PF01097	keep	crossed; max-cluster-frac 0.03
PF01105	keep	crossed; max-cluster-frac 0.19
PF01130	keep	crossed; max-cluster-frac 0.09
PF01145	keep	crossed; max-cluster-frac 0.14
PF01146	keep	crossed; max-cluster-frac 0.42
PF01248	keep	crossed; max-cluster-frac 0.12
PF01267	keep	crossed; max-cluster-frac 0.72
PF01284	keep	crossed; max-cluster-frac 0.06
PF01391	keep	crossed; max-cluster-frac 0.16
PF01423	keep	crossed; max-cluster-frac 0.16
PF01442	keep	crossed; max-cluster-frac 0.11
PF01490	keep	crossed; max-cluster-frac 0.06
PF01529	keep	crossed; max-cluster-frac 0.07
PF01569	keep	crossed; max-cluster-frac 0.08
PF01593	keep	crossed; max-cluster-frac 0.12
PF01630	keep	crossed; max-cluster-frac 0.10
PF01762	keep	crossed; max-cluster-frac 0.10
PF01979	keep	crossed; max-cluster-frac 0.12
PF02535	keep	crossed; max-cluster-frac 0.04
PF02953	keep	crossed; max-cluster-frac 0.13
PF03062	keep	crossed; max-cluster-frac 0.06
PF03226	keep	crossed; max-cluster-frac 0.18
PF03357	keep	crossed; max-cluster-frac 0.12
PF03372	keep	crossed; max-cluster-frac 0.14
PF03567	keep	crossed; max-cluster-frac 0.14
PF04691	keep	crossed; max-cluster-frac 0.15
PF05347	keep	crossed; max-cluster-frac 0.08
PF05920	keep	crossed; max-cluster-frac 0.10
PF07654	keep	crossed; max-cluster-frac 0.23
PF07686	keep	crossed; max-cluster-frac 0.01
PF07690	keep	crossed; max-cluster-frac 0.02
PF07714	keep	crossed; max-cluster-frac 0.05
PF07716	keep	crossed; max-cluster-frac 0.07
PF07885	keep	crossed; max-cluster-frac 0.13
PF10609	keep	crossed; max-cluster-frac 0.11
PF12796	keep	crossed; max-cluster-frac 0.06
PF12937	keep	crossed; max-cluster-frac 0.06
PF13499	keep	crossed; max-cluster-frac 0.14
PF13561	keep	crossed; max-cluster-frac 0.07
PF13639	keep	crossed; max-cluster-frac 0.09
PF13855	keep	crossed; max-cluster-frac 0.04
PF13895	keep	crossed; max-cluster-frac 0.11
PF14580	keep	crossed; max-cluster-frac 0.07
PF15511	drop	degenerate single mmseqs90 cluster (57/57 = 1.00 >= 0.9)
PF25890	keep	crossed; max-cluster-frac 0.15
