ec	n_members	raw_orders	effective_orders	keep
1.1.1	436	16	6.927034322805116	True
1.1.3	7	3	2.6004900059896596	False
1.1.99	7	5	4.710650674213246	False
1.10.3	1	1	1.0	False
1.10.5	4	2	2.0	False
1.11.1	253	39	13.16499218342572	True
1.11.2	2	2	2.0	False
1.13.11	94	18	9.960660703390804	True
1.13.12	2	2	2.0	False
1.13.99	7	4	3.8643132978583434	False
1.14.11	98	9	6.169867910460721	True
1.14.13	76	12	7.347204067597861	True
1.14.14	346	30	8.283899167981788	True
1.14.15	48	11	6.394713337731526	False
1.14.16	10	6	5.450691787846755	False
1.14.18	31	11	9.634698063067633	False
1.14.19	27	8	6.558780844754516	False
1.14.99	31	9	7.857469475423672	False
1.15.1	72	19	10.304664708256492	True
1.16.1	6	6	5.999999999999998	False
1.16.3	47	18	14.239054462438077	False
1.17.4	21	8	4.971479664515764	False
1.17.99	3	3	2.9999999999999996	False
1.18.1	6	5	4.762203155904597	False
1.2.1	99	16	7.097113440729305	True
1.2.4	23	6	4.760738299617088	False
1.20.4	4	4	4.0	False
1.21.1	11	9	8.54923454974006	False
1.21.99	33	14	10.94800726218931	False
1.3.1	64	9	5.242177794412391	True
1.3.3	8	4	3.509530701206647	False
1.3.5	6	4	3.779763149684619	False
1.3.99	5	3	2.8717458874925876	False
1.4.3	86	14	6.575152001378117	True
1.5.1	27	12	8.892712941414908	False
1.5.3	9	4	3.709079297755367	False
1.5.5	10	6	5.450691787846755	False
1.6.5	12	6	5.11732032057026	False
1.7.1	9	4	3.709079297755367	False
1.7.3	15	7	5.952753944880749	False
1.7.6	2	1	1.0	False
1.8.1	14	9	8.220058560836902	False
1.8.3	27	7	5.622475414017803	False
1.8.4	33	7	4.87377985903513	False
1.8.5	2	2	2.0	False
1.8.98	3	3	2.9999999999999996	False
2.1.1	550	17	7.725610298321471	True
2.1.2	13	6	5.685866013025646	False
2.2.1	7	4	3.5859888270569535	False
2.3.1	600	18	6.797283804802239	True
2.3.2	440	17	6.736104161188732	True
2.3.3	28	12	10.631202911302509	False
2.4.1	527	14	6.447861052101256	True
2.4.2	107	14	7.160839660126223	True
2.4.3	69	8	4.202691005008296	True
2.4.99	21	5	3.751628494730977	False
2.5.1	121	13	7.033487770543233	True
2.6.1	99	12	6.989537248838355	True
2.7.1	226	15	6.402095353025163	True
2.7.10	44	12	9.611054218104908	False
2.7.11	802	27	7.420957590611245	True
2.7.12	92	14	7.695789065789863	True
2.7.13	20	5	3.0666048483470587	False
2.7.2	11	10	9.697503804956236	False
2.7.3	3	2	2.0	False
2.7.4	95	12	8.40920945101184	True
2.7.7	141	14	7.8045154735705395	True
2.7.8	55	8	6.395347005877235	True
2.8.1	40	8	4.857574595156532	False
2.8.2	172	13	5.200855419955673	True
2.8.3	13	5	3.538226709517428	False
2.8.4	1	1	1.0	False
2.9.1	7	5	4.710650674213246	False
3.1.1	806	30	7.208370034480468	True
3.1.11	34	7	4.712341466027704	False
3.1.13	26	9	7.103238144400913	False
3.1.15	7	5	4.710650674213246	False
3.1.2	108	10	6.591998731144265	True
3.1.21	29	11	7.311124867626652	False
3.1.22	10	5	4.352752816480621	False
3.1.26	15	5	3.905740856188111	False
3.1.27	85	9	4.262159389526703	True
3.1.3	654	24	7.989151550306968	True
3.1.30	5	4	3.7892914162759954	False
3.1.4	83	9	4.828660722464424	True
3.1.5	3	3	2.9999999999999996	False
3.1.6	25	8	5.664313787158745	False
3.1.7	6	6	5.999999999999998	False
3.2.1	310	40	17.891245113275872	True
3.2.2	50	12	6.428272117687536	True
3.3.2	26	8	6.139715537175062	False
3.4.11	28	7	5.391683189853063	False
3.4.13	12	6	5.11732032057026	False
3.4.14	9	5	4.166436205292808	False
3.4.15	13	7	6.32570490835827	False
3.4.16	21	6	4.81360538544969	False
3.4.17	23	8	5.470824531294368	False
3.4.18	6	4	3.779763149684619	False
3.4.19	194	14	6.039033417151313	True
3.4.21	555	32	8.689313890945341	True
3.4.22	95	14	8.603922669569974	True
3.4.23	61	13	8.871678265193841	True
3.4.24	116	14	8.776197279507404	True
3.4.25	36	8	5.0304066080692715	False
3.4.26	6	5	4.762203155904597	False
3.5.1	153	12	7.557954359944372	True
3.5.2	23	8	6.33769227235749	False
3.5.3	27	7	5.546198258867444	False
3.5.4	110	12	5.869099345973812	True
3.5.99	20	8	6.687403049764222	False
3.6.1	249	20	7.581387564557954	True
3.6.4	247	36	21.927114993964732	True
3.6.5	654	24	6.725478989417392	True
3.7.1	10	4	3.5961154666243216	False
3.8.2	1	1	1.0	False
3.9.1	16	6	4.837955402826545	False
4.1.1	135	12	7.380716490446071	True
4.1.2	45	14	9.799171606799794	False
4.1.3	28	6	5.510133130241805	False
4.1.99	2	2	2.0	False
4.2.1	200	26	10.289956384299273	True
4.2.3	40	15	10.738125078283339	False
4.3.1	13	3	2.8803315950887556	False
4.3.2	27	8	6.96638268523111	False
4.3.3	1	1	1.0	False
4.4.1	22	6	4.978592748009814	False
4.6.1	258	16	5.176247741162859	True
4.98.1	7	6	5.742347492053464	False
5.1.1	1	1	1.0	False
5.1.3	38	7	4.284487009223266	False
5.1.99	36	14	8.265379094094818	False
5.2.1	116	15	7.119605387291765	True
5.3.1	53	13	6.970220651125817	True
5.3.2	25	7	6.322538130996188	False
5.3.3	24	5	4.0	False
5.3.4	19	3	2.8765043926750717	False
5.3.99	26	8	5.764631673819205	False
5.4.2	27	9	5.65848057248849	False
5.4.99	37	7	4.995473848869375	False
5.6.1	11	4	3.1970405217311133	False
5.6.2	4	4	4.0	False
6.1.1	25	8	6.562761258861745	False
6.2.1	22	3	2.308906939961303	False
6.3.1	5	5	5.000000000000001	False
6.3.2	51	7	4.852724426172449	True
6.3.3	4	4	4.0	False
6.3.4	39	11	8.000770701779192	False
6.3.5	49	15	7.9165140257831785	False
6.4.1	10	5	4.352752816480621	False
6.5.1	25	10	8.252833026787334	False
7.1.1	1045	83	33.520285180793444	True
7.1.2	2	2	2.0	False
7.2.1	27	7	5.494537898864798	False
7.2.2	1	1	1.0	False
